property_id,purpose,Type,added_on,furnishing,price,location,bed_bath_size,agent_name,primary_image_url,breadcrumbs,amenities,description,property_image_url
Bayut - CKTV-R-58746,For Rent,Villa,13 December 2024,,"{'currency': 'AED', 'amount': '600,000'}","The Ponderosa, The Villa, Dubai","{'bedrooms': 5, 'bathrooms': 6, 'size': '13,145 sqft'}",Clementina Kongslund,https://www.bayut.com/property/details-10381760.html,"Dubai Villas,The Villa,The Ponderosa,Bayut - CKTV-R-58746","Balcony or Terrace,Parking Spaces,Swimming Pool,Centrally Air-Conditioned,Parking Spaces,Centrally Air-Conditioned,Central Heating,Study Room,Balcony or Terrace,Swimming Pool,Lawn or Garden,Pets Allowed","Looking to rent a very spacious villa with a private swimming pool? Exclusive Links Real Estate has in portfolio this Marbella style villa in Ponderosa area of The Villa.  The villa is located on a very large plot of around 13,000 sq. ft and has been extended, reaching around 10,000 sq. ft BUA.  On the ground floor, there is the living and dining room, the kitchen with an informal seating area, one en-suite bedroom and a study, the maid room with laundry area. The living room has full glass doors towards the garden and the swimming pool. The porch at the back of the house makes a very cosy seating area.  On the first floor, there is the master bedroom, with walk-in closet and a bathroom that has both a shower and bathtub. There are other 3 en-suite bedrooms with bathtubs and a family room that was extended onto the upper terrace.  Highlights of the property: * Plot 13,145.21 sq. ft.  * Extended family room upstairs * Private pool * Automatic gates * Walking distance to the Ponderosa Retail center.  For this property and other properties in The Villa, contact Clementina Kongslund, who has lived there for 12 years.  ------- Development Details ------- The Villa DubaiÂ is comprised of a collection of beautifully designed Spanish style villas that is among the best residential properties there is in the Emirate of Dubai.  Located in Dubailand, The Villa is created and developed by a well-established land developer, Dubai Properties (DP) and sub-developed by Mazaya. This collection of Dubai villas is ideally set in a secure community that assures its residents a tranquil and peaceful living experience. Going around the city is easy since The Villa is easily accessible by Sheikh Mohammed bin Zayed Road and Emirates Road, two of the major roads in the city.","https://images.bayut.com/thumbnails/752264557-800x600.jpeg,https://images.bayut.com/thumbnails/752264558-400x300.jpeg,https://images.bayut.com/thumbnails/752264559-400x300.jpeg,https://images.bayut.com/thumbnails/752264240-400x300.jpeg,https://images.bayut.com/thumbnails/752264557-800x600.jpeg,https://images.bayut.com/thumbnails/752264558-800x600.jpeg,https://images.bayut.com/thumbnails/752264559-800x600.jpeg,https://images.bayut.com/thumbnails/752264240-800x600.jpeg,https://images.bayut.com/thumbnails/752264241-800x600.jpeg,https://images.bayut.com/thumbnails/752264242-800x600.jpeg,https://images.bayut.com/thumbnails/751698037-800x600.jpeg,https://images.bayut.com/thumbnails/752264553-800x600.jpeg,https://images.bayut.com/thumbnails/752264554-800x600.jpeg,https://images.bayut.com/thumbnails/752264555-800x600.jpeg,https://images.bayut.com/thumbnails/752264556-800x600.jpeg,https://images.bayut.com/thumbnails/752264560-800x600.jpeg,https://images.bayut.com/thumbnails/752264561-800x600.jpeg,https://images.bayut.com/thumbnails/752264562-800x600.jpeg,https://images.bayut.com/thumbnails/752264563-800x600.jpeg,https://images.bayut.com/thumbnails/752264564-800x600.jpeg,https://images.bayut.com/thumbnails/752264565-800x600.jpeg,https://images.bayut.com/thumbnails/752264566-800x600.jpeg,https://images.bayut.com/thumbnails/752264567-800x600.jpeg,https://images.bayut.com/thumbnails/752264568-800x600.jpeg,https://images.bayut.com/thumbnails/752264569-800x600.jpeg,https://images.bayut.com/thumbnails/752264570-800x600.jpeg,https://images.bayut.com/thumbnails/752264571-800x600.jpeg,https://images.bayut.com/thumbnails/752264572-800x600.jpeg,https://images.bayut.com/thumbnails/752264573-800x600.jpeg,https://images.bayut.com/thumbnails/752264574-800x600.jpeg,https://images.bayut.com/thumbnails/752264575-800x600.jpeg,https://images.bayut.com/thumbnails/752264576-800x600.jpeg,https://images.bayut.com/thumbnails/752264577-800x600.jpeg,https://images.bayut.com/thumbnails/752264578-800x600.jpeg,https://images.bayut.com/thumbnails/752264579-800x600.jpeg,https://images.bayut.com/thumbnails/752264580-800x600.jpeg,https://images.bayut.com/thumbnails/752264581-800x600.jpeg,https://images.bayut.com/thumbnails/752264582-800x600.jpeg,https://images.bayut.com/thumbnails/752264583-800x600.jpeg,https://images.bayut.com/thumbnails/752264584-800x600.jpeg,https://images.bayut.com/thumbnails/752264585-800x600.jpeg,https://images.bayut.com/thumbnails/752264586-800x600.jpeg,https://images.bayut.com/thumbnails/752264587-800x600.jpeg,https://images.bayut.com/thumbnails/752264588-800x600.jpeg,https://images.bayut.com/thumbnails/752264589-800x600.jpeg,https://images.bayut.com/thumbnails/752264590-800x600.jpeg,https://images.bayut.com/thumbnails/752264591-800x600.jpeg,https://images.bayut.com/thumbnails/752264592-800x600.jpeg,https://images.bayut.com/thumbnails/752264593-800x600.jpeg,https://images.bayut.com/thumbnails/752264594-800x600.jpeg,https://images.bayut.com/thumbnails/752264595-800x600.jpeg,https://images.bayut.com/thumbnails/752264596-800x600.jpeg,https://images.bayut.com/thumbnails/752264597-800x600.jpeg,https://images.bayut.com/thumbnails/752264598-800x600.jpeg,https://images.bayut.com/thumbnails/752264599-800x600.jpeg,https://images.bayut.com/thumbnails/752264600-800x600.jpeg,https://images.bayut.com/thumbnails/752264601-800x600.jpeg,https://images.bayut.com/thumbnails/752264602-800x600.jpeg,https://images.bayut.com/thumbnails/752264603-800x600.jpeg,https://images.bayut.com/thumbnails/172556639-120x90.jpeg,https://images.bayut.com/thumbnails/755784264-400x300.jpeg,https://images.bayut.com/thumbnails/755226101-400x300.jpeg,https://images.bayut.com/thumbnails/752490617-400x300.jpeg,https://images.bayut.com/thumbnails/172556639-240x180.jpeg"
Bayut - 101708-6vrafz-JA-R-JD,For Rent,Apartment,25 December 2024,Unfurnished,"{'currency': 'AED', 'amount': '124,900'}","Grande, Opera District, Downtown Dubai, Dubai","{'bedrooms': 1, 'bathrooms': 2, 'size': '783 sqft'}",Jahangeer Alam,https://www.bayut.com/property/details-10469659.html,"Dubai Apartments,Downtown Dubai,Opera District,Grande,Bayut - 101708-6vrafz-JA-R-JD","Balcony or Terrace,Swimming Pool,Electricity Backup,Storage Areas,Electricity Backup,Storage Areas,Balcony or Terrace,Reception/Waiting Room,Swimming Pool,Kids Play Area,Waste Disposal,Business Center,Security Staff,CCTV Security,ATM Facility","is excited to unveil a stunning 1-bedroom apartment for rent in the prestigious  located in the vibrant  With top-notch entertainment and leisure options all around, Grande is perfectly situated in the center of Dubai. The property guarantees quick and simple access to the city's main attractions because of its convenient access to key roads including Sheikh Zayed Road and Al Meydan Road. Offering unparalleled living in one of the most sought-after locations in the city, this opulent home boasts stunning finishes and breathtaking views of the Dubai Fountain and the Burj Khalifa.  Location: Grande, Opera District, Downtown Dubai Type: 3 Bedrooms View: Burj Khalifa and Fountain View,Dubai Mall Furnishing: Unfurnished Modern Design Excellent Connectivity Swimming Pool Fitness Center Childrenâ€™s Play Area Retail and Dining 24/7 Security Concierge Services Parking â€¢  l: About 5 minutes â€¢ :: About 5 minutes.  : About 5 minutes  â€¢  : About 5 minute â€¢  : 25-30 minutes  â€¢  (DIFC): About 10 minutes  Experience unparalleled luxury and convenience in this exquisitely designed apartment. Ideal for those seeking a seamless blend of contemporary elegance and upscale living in Dubai.  Contact  oday to schedule a viewing and experience this remarkable living space for yourself.","https://images.bayut.com/thumbnails/753289171-800x600.jpeg,https://images.bayut.com/thumbnails/753289170-400x300.jpeg,https://images.bayut.com/thumbnails/753289172-400x300.jpeg,https://images.bayut.com/thumbnails/753289173-400x300.jpeg,https://images.bayut.com/thumbnails/753289171-800x600.jpeg,https://images.bayut.com/thumbnails/753289170-800x600.jpeg,https://images.bayut.com/thumbnails/753289172-800x600.jpeg,https://images.bayut.com/thumbnails/753289173-800x600.jpeg,https://images.bayut.com/thumbnails/753289174-800x600.jpeg,https://images.bayut.com/thumbnails/753289175-800x600.jpeg,https://images.bayut.com/thumbnails/753289176-800x600.jpeg,https://images.bayut.com/thumbnails/753289177-800x600.jpeg,https://images.bayut.com/thumbnails/753289178-800x600.jpeg,https://images.bayut.com/thumbnails/753289179-800x600.jpeg,https://images.bayut.com/thumbnails/753289180-800x600.jpeg,https://images.bayut.com/thumbnails/753289181-800x600.jpeg,https://images.bayut.com/thumbnails/753289182-800x600.jpeg,https://images.bayut.com/thumbnails/753289183-800x600.jpeg,https://images.bayut.com/thumbnails/753289184-800x600.jpeg,https://images.bayut.com/thumbnails/753289185-800x600.jpeg,https://images.bayut.com/thumbnails/272670303-120x90.jpeg,https://images.bayut.com/thumbnails/272670303-240x180.jpeg"
Bayut - 7564-NcFJ8K,For Rent,Apartment,14 January 2025,Unfurnished,"{'currency': 'AED', 'amount': '65,000'}","Central Park Tower, JVC District 12, Jumeirah Village Circle (JVC), Dubai","{'bedrooms': 1, 'bathrooms': 2, 'size': '719 sqft'}",,https://www.bayut.com/property/details-10619554.html,"Dubai Apartments,Jumeirah Village Circle (JVC),JVC District 12,Central Park Tower,Bayut - 7564-NcFJ8K","Balcony or Terrace,Parking Spaces,: 1,Swimming Pool,Total Floors,: 20,Parking Spaces,: 1,Centrally Air-Conditioned,Central Heating,Double Glazed Windows,Balcony or Terrace,Lobby in Building,Elevators in Building,: 3,Service Elevators,Completion Year,: 2022,Reception/Waiting Room,Total Floors,: 20,Gym or Health Club,Facilities for Disabled,Swimming Pool,Kids Play Area,Lawn or Garden,Cafeteria or Canteen,Waste Disposal,Maintenance Staff,Cleaning Services,Security Staff,CCTV Security,Broadband Internet,Satellite/Cable TV,Intercom,ATM Facility,24 Hours Concierge,Pets Allowed,Nearby Shopping Malls,View,Freehold","is pleased to announce this 1 bed room appartment in Central Park.   at JVC Apartments by   in  . Central Park at JVC is a G+20 building currently under-construction. The project features a total of 151 one bedroom apartments and 30 two bedroom apartments. Features and Amenities includes basketball court, gym, pound, fireplace, lake view, pool, front yard, sprinklers, washer and dryer, balcony, laundry, concierge, doorman, private space, 1Bedroom 2 Bathrooms Un Furnished Semi Close Kitchen Meddle Floor Good Property Kids Play Area.  Gym or Health Club.  Swimming Pool.  Balcony or Terrace.  Service Elevators.  Reception/Waiting Room.  Security Staff.  CCTV Security.  24 Hours Concierge.  Double Glazed Windows.  Centrally Air-Conditioned.  Central Heating.  Maintenance Staff.  ğŸš¨Step into a lifestyle where comfort meets convenience in the heart of Dubai. Our 1BR apartment offer the perfect sanctuary for families and young professionals. Enjoy spacious layout, modern amenities, and lush green spaces right at your doorstep. JVC isn't just a place to live; it's a place to call home.  ğŸš¨CALL ME NOW. . . ğŸ“ : AHMED MAHMOUD.","https://images.bayut.com/thumbnails/755895600-800x600.jpeg,https://images.bayut.com/thumbnails/755895601-400x300.jpeg,https://images.bayut.com/thumbnails/755895602-400x300.jpeg,https://images.bayut.com/thumbnails/755895603-400x300.jpeg,https://images.bayut.com/thumbnails/755895600-800x600.jpeg,https://images.bayut.com/thumbnails/755895601-800x600.jpeg,https://images.bayut.com/thumbnails/755895602-800x600.jpeg,https://images.bayut.com/thumbnails/755895603-800x600.jpeg,https://images.bayut.com/thumbnails/755895604-800x600.jpeg,https://images.bayut.com/thumbnails/755895605-800x600.jpeg,https://images.bayut.com/thumbnails/755895606-800x600.jpeg,https://images.bayut.com/thumbnails/755895607-800x600.jpeg,https://images.bayut.com/thumbnails/755895608-800x600.jpeg,https://images.bayut.com/thumbnails/755895609-800x600.jpeg,https://images.bayut.com/thumbnails/755895610-800x600.jpeg,https://images.bayut.com/thumbnails/755895611-800x600.jpeg,https://images.bayut.com/thumbnails/755895612-800x600.jpeg,https://images.bayut.com/thumbnails/755895613-800x600.jpeg,https://images.bayut.com/thumbnails/755895614-800x600.jpeg,https://images.bayut.com/thumbnails/755895616-800x600.jpeg,https://images.bayut.com/thumbnails/755895618-800x600.jpeg,https://images.bayut.com/thumbnails/27680229-240x180.jpeg,https://images.bayut.com/thumbnails/27680229-240x180.jpeg"
Bayut - JVC-MHB-IMPT-1BR,For Rent,Apartment,26 December 2024,,"{'currency': 'AED', 'amount': '72,000'}","Imperial Tower, JVC District 17, Jumeirah Village Circle (JVC), Dubai","{'bedrooms': 1, 'bathrooms': 2, 'size': '912 sqft'}",Muhaib Shah,https://www.bayut.com/property/details-10474894.html,"Dubai Apartments,Jumeirah Village Circle (JVC),JVC District 17,Imperial Tower,Bayut - JVC-MHB-IMPT-1BR","Balcony or Terrace,Parking Spaces,: 1,Centrally Air-Conditioned,Central Heating,Parking Spaces,: 1,Centrally Air-Conditioned,Central Heating,Double Glazed Windows,Balcony or Terrace,Lobby in Building,Reception/Waiting Room,Gym or Health Club,Waste Disposal,Security Staff,CCTV Security,Broadband Internet","Azco Real Estate proudly presents this exquisite 1-bedroom apartment situated in Imperial Tower, Jumeirah Village Circle. Boasting a spacious 912 sq. ft. , this property showcases a modern design with impeccable finishes.  PROPERTY FEATURES: - 1 Bedroom - 2 Bathrooms - Balcony - Swimming Pool - Service Elevators - Reception/Waiting Room - Security Staff - CCTV Security - 24 Hours Concierge - Centrally Air-Conditioned - Central Heating Imperial Tower is a brand-new residential location in Jumeirah Village Circle, a modern and unique family-oriented community. It offers a beautiful, self-contained environment for residents, combining all the modern facilities of a city with the tranquility of a village setting. Jumeirah Village Circle boasts a variety of amenities, including parks, schools, shops, and leisure facilities, making it an ideal spot for both renters and buyers. The community's design prioritizes comfort and convenience, providing easy access to major highways for commuting while maintaining a peaceful, family-friendly atmosphere.  For further details or to arrange a viewing appointment please contact Azco Real Estate.  Thank you for Choosing Azco Real Estate!","https://images.bayut.com/thumbnails/753346921-800x600.jpeg,https://images.bayut.com/thumbnails/753346922-400x300.jpeg,https://images.bayut.com/thumbnails/753346923-400x300.jpeg,https://images.bayut.com/thumbnails/753346924-400x300.jpeg,https://images.bayut.com/thumbnails/753346921-800x600.jpeg,https://images.bayut.com/thumbnails/753346922-800x600.jpeg,https://images.bayut.com/thumbnails/753346923-800x600.jpeg,https://images.bayut.com/thumbnails/753346924-800x600.jpeg,https://images.bayut.com/thumbnails/753346925-800x600.jpeg,https://images.bayut.com/thumbnails/753346926-800x600.jpeg,https://images.bayut.com/thumbnails/753346927-800x600.jpeg,https://images.bayut.com/thumbnails/753346928-800x600.jpeg,https://images.bayut.com/thumbnails/735978778-120x90.jpeg,https://images.bayut.com/thumbnails/735978778-120x90.jpeg"
Bayut - 101708-Hbmugg-JA-R-JD,For Rent,Apartment,19 December 2024,Furnished,"{'currency': 'AED', 'amount': '279,900'}","Grande, Opera District, Downtown Dubai, Dubai","{'bedrooms': 2, 'bathrooms': 3, 'size': '1,134 sqft'}",Jahangeer Alam,https://www.bayut.com/property/details-10426331.html,"Dubai Apartments,Downtown Dubai,Opera District,Grande,Bayut - 101708-Hbmugg-JA-R-JD","Furnished,Balcony or Terrace,Swimming Pool,Floor,: 3,Furnished,Storage Areas,Balcony or Terrace,Gym or Health Club,Swimming Pool,Day Care Center,Kids Play Area,Lawn or Garden,Cafeteria or Canteen,Waste Disposal,Maintenance Staff,Business Center,CCTV Security,ATM Facility,Floor,: 3,View","is excited to unveil a stunning 2-bedroom apartment for rent in the prestigious  , located in the vibrant  .  This luxurious residence offers exquisite finishes and awe-inspiring views of the Burj Khalifa and the Dubai Fountain, delivering an unmatched living experience in one of the cityâ€™s most coveted locations. Grande is ideally positioned in the heart of Dubai, surrounded by premier entertainment and recreational destinations. With seamless access to major roadways like Sheikh Zayed Road and Al Meydan Road, the apartment ensures swift and easy connectivity to the city's top attractions.  Location: Grande, Opera District, Downtown Dubai Type: 2-Bedrooms View: Burj Khalifa, Fountain Views & Dubai Mall Furnishing: Fully Furnished Modern Design Excellent Connectivity Swimming Pool Fitness Center Childrenâ€™s Play Area Landscaped Gardens Retail and Dining 24/7 Security Concierge Services Parking â€¢ Dubai Mall:About 5 minutes by car.  â€¢ Burj Khalifa:: About 5 minutes by car or a short walk.  â€¢ Dubai Fountain:5 minutes by car or a short walk.  â€¢ Dubai Opera:5 minutes by car or a short walk.  â€¢Souk Al Bahar: 5 minutes by car or a short walk. Â  â€¢Dubai Design District (d3): Approximately 15 minutes by drive â€¢ Dubai Marina: 25-30 minutes by drive â€¢ Dubai International Financial Centre (DIFC): About 10 minutes by drive Experience unparalleled luxury and convenience in this exquisitely designed apartment. Ideal for those seeking a seamless blend of contemporary elegance and upscale living in Dubai.","https://images.bayut.com/thumbnails/752642793-800x600.jpeg,https://images.bayut.com/thumbnails/752642794-400x300.jpeg,https://images.bayut.com/thumbnails/755419574-400x300.jpeg,https://images.bayut.com/thumbnails/752642796-400x300.jpeg,https://images.bayut.com/thumbnails/752642793-800x600.jpeg,https://images.bayut.com/thumbnails/752642794-800x600.jpeg,https://images.bayut.com/thumbnails/755419574-800x600.jpeg,https://images.bayut.com/thumbnails/752642796-800x600.jpeg,https://images.bayut.com/thumbnails/752642797-800x600.jpeg,https://images.bayut.com/thumbnails/752642798-800x600.jpeg,https://images.bayut.com/thumbnails/752642799-800x600.jpeg,https://images.bayut.com/thumbnails/752642802-800x600.jpeg,https://images.bayut.com/thumbnails/752642795-800x600.jpeg,https://images.bayut.com/thumbnails/752642805-800x600.jpeg,https://images.bayut.com/thumbnails/752642804-800x600.jpeg,https://images.bayut.com/thumbnails/752642810-800x600.jpeg,https://images.bayut.com/thumbnails/752642812-800x600.jpeg,https://images.bayut.com/thumbnails/752642814-800x600.jpeg,https://images.bayut.com/thumbnails/752642807-800x600.jpeg,https://images.bayut.com/thumbnails/752642817-800x600.jpeg,https://images.bayut.com/thumbnails/752642819-800x600.jpeg,https://images.bayut.com/thumbnails/752642821-800x600.jpeg,https://images.bayut.com/thumbnails/752642822-800x600.jpeg,https://images.bayut.com/thumbnails/752642816-800x600.jpeg,https://images.bayut.com/thumbnails/755419575-800x600.jpeg,https://images.bayut.com/thumbnails/272670303-120x90.jpeg,https://images.bayut.com/thumbnails/752490617-400x300.jpeg,https://images.bayut.com/thumbnails/756167314-400x300.jpeg,https://images.bayut.com/thumbnails/756094241-400x300.jpeg,https://images.bayut.com/thumbnails/272670303-240x180.jpeg"
Bayut - BI-R-20-10773,For Rent,Townhouse,27 November 2024,Unfurnished,"{'currency': 'AED', 'amount': '285,000'}","Murooj Al Furjan West, Al Furjan West, Al Furjan, Dubai","{'bedrooms': 3, 'bathrooms': 4, 'size': None}",Mihaela Puscasu,https://www.bayut.com/property/details-10268524.html,"Dubai Townhouses,Al Furjan,Al Furjan West,Murooj Al Furjan West,Bayut - BI-R-20-10773","Balcony or Terrace,Parking Spaces,Maids Room,Centrally Air-Conditioned,Parking Spaces,Centrally Air-Conditioned,Balcony or Terrace,Barbeque Area,Laundry Room,Maids Room","**Exceptional 3-Bedroom Home available for Rental in the Heart of Furjan** This spacious property in Dubai is an ideal choice for families or professionals seeking a comfortable and convenient lifestyle. With its prime location, this home boasts a host of amenities and features that will enhance your daily routine.  **Captivating Features:** - Extensive living and dining areas, perfect for entertaining guests - Three generously sized bedrooms with ample natural light - Four modern bathrooms, providing privacy and convenience **Unparalleled Amenities:** - Balcony with breathtaking city views - Barbecue area for outdoor gatherings - Built-in wardrobes for organized storage - Concierge service for added convenience - Covered parking for your vehicles - Fully fitted kitchen with state-of-the-art appliances - Laundry/washing room for effortless maintenance - Maid's room for added support - Private garden for relaxation and leisure **Excellent Location:** - Metro station within easy reach, providing seamless connectivity - Public park and public transport nearby for ease of access - Conveniently located near malls, restaurants, and schools **Additional Highlights:** - Shared pool and recreational facilities for leisure and recreation - Walking trails for active lifestyles - Shopping mall and shops for all your retail needs Indulge in the luxurious lifestyle this exceptional property has to offer. Contact us today to schedule a viewing and experience firsthand the charm and comfort this home provides.  Call Mihaela on   for more options and enquiries.  Company name: Banke International Properties LLC RERA ORN: 12108 Address: 415 Emarat Atrium Building, Sheikh Zayed Road, Dubai, UAE  Office phone no:  Primary email:  Website: www. banke. ae Company Profile: A real estate firm specializing in investment sales and leasing of both commercial and residential properties. We also offer property management services across Dubai.","https://images.bayut.com/thumbnails/749534892-800x600.jpeg,https://images.bayut.com/thumbnails/749534893-400x300.jpeg,https://images.bayut.com/thumbnails/749534921-400x300.jpeg,https://images.bayut.com/thumbnails/749534922-400x300.jpeg,https://images.bayut.com/thumbnails/749534892-800x600.jpeg,https://images.bayut.com/thumbnails/749534893-800x600.jpeg,https://images.bayut.com/thumbnails/749534921-800x600.jpeg,https://images.bayut.com/thumbnails/749534922-800x600.jpeg,https://images.bayut.com/thumbnails/749534923-800x600.jpeg,https://images.bayut.com/thumbnails/749534924-800x600.jpeg,https://images.bayut.com/thumbnails/749534925-800x600.jpeg,https://images.bayut.com/thumbnails/749534926-800x600.jpeg,https://images.bayut.com/thumbnails/749534927-800x600.jpeg,https://images.bayut.com/thumbnails/749534928-800x600.jpeg,https://images.bayut.com/thumbnails/749534930-800x600.jpeg,https://images.bayut.com/thumbnails/749534932-800x600.jpeg,https://images.bayut.com/thumbnails/749534934-800x600.jpeg,https://images.bayut.com/thumbnails/749534936-800x600.jpeg,https://images.bayut.com/thumbnails/749534938-800x600.jpeg,https://images.bayut.com/thumbnails/749534940-800x600.jpeg,https://images.bayut.com/thumbnails/749534942-800x600.jpeg,https://images.bayut.com/thumbnails/535143872-120x90.jpeg,https://images.bayut.com/thumbnails/734358944-600x450.jpeg,https://images.bayut.com/thumbnails/734358945-600x450.jpeg,https://images.bayut.com/thumbnails/752464676-400x300.jpeg,https://images.bayut.com/thumbnails/751118506-400x300.jpeg,https://images.bayut.com/thumbnails/756070277-400x300.jpeg,https://images.bayut.com/thumbnails/535143872-240x180.jpeg"
Bayut - JVC-DVP-MR-ALNAIM-1BR-s,For Rent,Apartment,8 January 2025,Unfurnished,"{'currency': 'AED', 'amount': '68,000'}","Al Naim Residence, JVC District 10, Jumeirah Village Circle (JVC), Dubai","{'bedrooms': 1, 'bathrooms': 2, 'size': '825 sqft'}",Mahateer Abbasi,https://www.bayut.com/property/details-10571086.html,"Dubai Apartments,Jumeirah Village Circle (JVC),JVC District 10,Al Naim Residence,Bayut - JVC-DVP-MR-ALNAIM-1BR-s","Balcony or Terrace,Parking Spaces,: 1,Swimming Pool,Centrally Air-Conditioned,Parking Spaces,: 1,Centrally Air-Conditioned,Central Heating,Double Glazed Windows,Balcony or Terrace,Lobby in Building,Service Elevators,Reception/Waiting Room,Gym or Health Club,Swimming Pool,Security Staff,CCTV Security","Azco Real Estate Brokers is thrilled to offer an exquisite 1 bedroom apartment in Al Naim Resindence in Jumeirah Village Circle , for rent Property Features : - 1 Bedroom - 2 Bathrooms - 825 sq. ft - 1 Parking Space - Built-in Wardrobes - Balcony AED 68,000 /- Amenities and nearby landmarks: - Kids Play Area, Gym or Health Club, Swimming Pool, Service Elevators, Reception/Waiting Room, Security Staff, CCTV Security, 24 Hours Concierge, Centrally Air-Conditioned and Central Heating Al Naim Residence offers exceptional living accommodations with stunning city views. The apartments are thoughtfully designed to suit every lifestyle, making it an ideal choice. With its prime location, residents have easy access to many of Dubai's trending spots. The building boasts a range of amenities for residents to enjoy, providing everything needed for a comfortable lifestyle. Â Â  Call us today to arrange your viewing! Mahateer Abbasi - Property Consultant.","https://images.bayut.com/thumbnails/755038453-800x600.jpeg,https://images.bayut.com/thumbnails/755038454-400x300.jpeg,https://images.bayut.com/thumbnails/755038455-400x300.jpeg,https://images.bayut.com/thumbnails/755038456-400x300.jpeg,https://images.bayut.com/thumbnails/755038453-800x600.jpeg,https://images.bayut.com/thumbnails/755038454-800x600.jpeg,https://images.bayut.com/thumbnails/755038455-800x600.jpeg,https://images.bayut.com/thumbnails/755038456-800x600.jpeg,https://images.bayut.com/thumbnails/755038457-800x600.jpeg,https://images.bayut.com/thumbnails/755038458-800x600.jpeg,https://images.bayut.com/thumbnails/755038459-800x600.jpeg,https://images.bayut.com/thumbnails/755038460-800x600.jpeg,https://images.bayut.com/thumbnails/755038461-800x600.jpeg,https://images.bayut.com/thumbnails/755038462-800x600.jpeg,https://images.bayut.com/thumbnails/755038463-800x600.jpeg,https://images.bayut.com/thumbnails/755038464-800x600.jpeg,https://images.bayut.com/thumbnails/736113144-120x90.jpeg,https://images.bayut.com/thumbnails/752529936-400x300.jpeg,https://images.bayut.com/thumbnails/746878993-400x300.jpeg,https://images.bayut.com/thumbnails/755028250-400x300.jpeg,https://images.bayut.com/thumbnails/736113144-240x180.jpeg"
Bayut - RRE-BS-208,For Rent,Apartment,10 December 2024,,"{'currency': 'AED', 'amount': '70,000'}","Belselah Residence, Al Barsha 1, Al Barsha, Dubai","{'bedrooms': 1, 'bathrooms': 2, 'size': '858 sqft'}",Dhruv Uttamchandani,https://www.bayut.com/property/details-10353345.html,"Dubai Apartments,Al Barsha,Al Barsha 1,Belselah Residence,Bayut - RRE-BS-208","Balcony or Terrace,Swimming Pool,Storage Areas,Gym or Health Club,Storage Areas,Balcony or Terrace,Gym or Health Club,Swimming Pool,Kids Play Area","Rocky Real Estate is proud to introduce this brand-new semi-furnished  in Al Barsha 1, Dubai; situated beside Al Douri Signature and opposite Viva Supermarket.  Â  âœ¦ Brand New Apartment âœ¦ Fully modern fitted equipped closed kitchen with fridge and cooking range âœ¦ An expansive living room âœ¦ A centralized gas connection âœ¦ A centralized air conditioning system âœ¦ A custom-built wardrobe âœ¦ Balcony âœ¦ Store Room Â  Swimming pool Separate gymnasium for men and women Children's play area Reserved parking Â  For enquiries and exclusive viewing, please call Mr. Dhruv (RERA #68657) at  /   or email us at   /   We are happy to assist you from Monday to Friday (9 am to 6 pm) and Saturday (9 am to 2 pm). Rocky Real Estate offers residential and commercial real estate services in Dubai since 1976 | Specializing in sales, leasing, investments, property investment, and management | 2017 Top 10 Real Estate Consultants in the Arab World by Forbes Middle East. View more properties at www. rockyrealestate. com.","https://images.bayut.com/thumbnails/751200514-800x600.jpeg,https://images.bayut.com/thumbnails/751200515-400x300.jpeg,https://images.bayut.com/thumbnails/751200525-400x300.jpeg,https://images.bayut.com/thumbnails/751200528-400x300.jpeg,https://images.bayut.com/thumbnails/751200514-800x600.jpeg,https://images.bayut.com/thumbnails/751200515-800x600.jpeg,https://images.bayut.com/thumbnails/751200525-800x600.jpeg,https://images.bayut.com/thumbnails/751200528-800x600.jpeg,https://images.bayut.com/thumbnails/751200529-800x600.jpeg,https://images.bayut.com/thumbnails/751200539-800x600.jpeg,https://images.bayut.com/thumbnails/751200540-800x600.jpeg,https://images.bayut.com/thumbnails/751200541-800x600.jpeg,https://images.bayut.com/thumbnails/751200542-800x600.jpeg,https://images.bayut.com/thumbnails/751200543-800x600.jpeg,https://images.bayut.com/thumbnails/751200544-800x600.jpeg,https://images.bayut.com/thumbnails/751200545-800x600.jpeg,https://images.bayut.com/thumbnails/751200546-800x600.jpeg,https://images.bayut.com/thumbnails/751200547-800x600.jpeg,https://images.bayut.com/thumbnails/751200548-800x600.jpeg,https://images.bayut.com/thumbnails/751200549-800x600.jpeg,https://images.bayut.com/thumbnails/751200550-800x600.jpeg,https://images.bayut.com/thumbnails/751200551-800x600.jpeg,https://images.bayut.com/thumbnails/751200552-800x600.jpeg,https://images.bayut.com/thumbnails/751200553-800x600.jpeg,https://images.bayut.com/thumbnails/731365066-120x90.jpeg,https://images.bayut.com/thumbnails/731365066-120x90.jpeg"
Bayut - ARJ-MHB-NAIMR-1BR,For Rent,Apartment,23 December 2024,Unfurnished,"{'currency': 'AED', 'amount': '75,000'}","Al Naim Residence, JVC District 10, Jumeirah Village Circle (JVC), Dubai","{'bedrooms': 1, 'bathrooms': 2, 'size': '1,015 sqft'}",Muhaib Shah,https://www.bayut.com/property/details-10454347.html,"Dubai Apartments,Jumeirah Village Circle (JVC),JVC District 10,Al Naim Residence,Bayut - ARJ-MHB-NAIMR-1BR","Balcony or Terrace,Parking Spaces,: 1,Swimming Pool,Electricity Backup,Electricity Backup,Parking Spaces,: 1,Centrally Air-Conditioned,Central Heating,Double Glazed Windows,Balcony or Terrace,Lobby in Building,Reception/Waiting Room,Gym or Health Club,Swimming Pool,Kids Play Area,Waste Disposal,Security Staff,CCTV Security","Azco Real Estate proudly presents this exquisite 1-bedroom apartment situated in Al Naim Residence, Jumeirah Village Circle. Boasting a spacious 1015 sq. ft. , this property showcases a modern design with impeccable finishes. Â  PROPERTY FEATURES: - 1 Bedroom - 2 Bathrooms - Balcony -Kids Play Area -Gym or Health Club -Swimming Pool -Service Elevators -Reception/Waiting Room -Security Staff -CCTV Security -24 Hours Concierge -Centrally Air-Conditioned -Central Heating Located in Jumeirah Village Circle, one of Dubai's premier neighborhoods, Al Naim Residence offers exceptional living accommodations with stunning city views. The apartments are thoughtfully designed to suit every lifestyle, making it an ideal choice. With its prime location, residents have easy access to many of Dubai's trending spots. The building boasts a range of amenities for residents to enjoy, providing everything needed for a comfortable lifestyle. Additionally, the surrounding neighborhood offers numerous attractions and activities, enhancing the appeal of living at Al Naim Residence. Â  Thank you for Choosing Azco Real Estate!","https://images.bayut.com/thumbnails/752958266-800x600.jpeg,https://images.bayut.com/thumbnails/752958267-400x300.jpeg,https://images.bayut.com/thumbnails/752958268-400x300.jpeg,https://images.bayut.com/thumbnails/752958269-400x300.jpeg,https://images.bayut.com/thumbnails/752958266-800x600.jpeg,https://images.bayut.com/thumbnails/752958267-800x600.jpeg,https://images.bayut.com/thumbnails/752958268-800x600.jpeg,https://images.bayut.com/thumbnails/752958269-800x600.jpeg,https://images.bayut.com/thumbnails/752958270-800x600.jpeg,https://images.bayut.com/thumbnails/752958271-800x600.jpeg,https://images.bayut.com/thumbnails/752958272-800x600.jpeg,https://images.bayut.com/thumbnails/752958273-800x600.jpeg,https://images.bayut.com/thumbnails/752958274-800x600.jpeg,https://images.bayut.com/thumbnails/752958275-800x600.jpeg,https://images.bayut.com/thumbnails/752958276-800x600.jpeg,https://images.bayut.com/thumbnails/752958277-800x600.jpeg,https://images.bayut.com/thumbnails/735978778-120x90.jpeg,https://images.bayut.com/thumbnails/735978778-120x90.jpeg"
Bayut - geepas-tower-112,For Rent,Apartment,16 January 2025,Unfurnished,"{'currency': 'AED', 'amount': '75,000'}","Geepas Tower, Arjan, Dubai","{'bedrooms': 1, 'bathrooms': 2, 'size': '1,002 sqft'}",Asma Noreen,https://www.bayut.com/property/details-10635312.html,"Dubai Apartments,Arjan,Geepas Tower,Bayut - geepas-tower-112","Balcony or Terrace,Swimming Pool,Sauna,Steam Room,Centrally Air-Conditioned,Central Heating,Storage Areas,Balcony or Terrace,Lobby in Building,Service Elevators,Reception/Waiting Room,Gym or Health Club,Swimming Pool,Sauna,Steam Room,Kids Play Area,Lawn or Garden,Barbeque Area,Cafeteria or Canteen,Waste Disposal,Maintenance Staff,Cleaning Services,Conference Room,Security Staff,CCTV Security,Broadband Internet,Satellite/Cable TV,Intercom,ATM Facility,24 Hours Concierge,Pets Allowed,Nearby Shopping Malls","mission is to cultivate and nurture connections grounded in authenticity and tailored support. We strive to create environments where our clients feel not only acknowledged but understood. By aligning our services with the true desires and needs of each individual, we aim to foster trust and deliver unparalleled satisfaction.  Welcome to  , a distinguished residential landmark in Arjan, Dubai. This 20-storey development features 684 meticulously designed units, including studios, 1-bedroom, and 2-bedroom apartments, each crafted to offer spacious layouts and contemporary finishes.  representing modern style apartment for rent in Geepas tower.  -Size : 1002.12 sqft -1 Bedroom -2 Bathroom - Built in WArdrobes -Generously sized apartments with open-plan living areas.  -High-quality materials and stylish interiors.  -Large windows ensuring ample sunlight.  -State-of-the-art appliances for your convenience.  -Enjoy panoramic views of the city skyline.  -Rooftop Infinity Pool -Childrenâ€™s Infinity Pool -State-of-the-Art Health Club -Sauna and Steam Rooms -Childrenâ€™s Play Area -Sports Facilities -Party Area -Mini-Jogging Area -24/7 Security and Customer Care -Dubai Miracle Garden -Dubai Autodrome -IMG Worlds of Adventure -Nesto Hypermarket - Easy access to Sheikh Mohammed Bin Zayed Road and Al Khail Road, facilitating seamless connectivity across Dubai.","https://images.bayut.com/thumbnails/756117429-800x600.jpeg,https://images.bayut.com/thumbnails/756117430-400x300.jpeg,https://images.bayut.com/thumbnails/756117431-400x300.jpeg,https://images.bayut.com/thumbnails/756117432-400x300.jpeg,https://images.bayut.com/thumbnails/756117429-800x600.jpeg,https://images.bayut.com/thumbnails/756117430-800x600.jpeg,https://images.bayut.com/thumbnails/756117431-800x600.jpeg,https://images.bayut.com/thumbnails/756117432-800x600.jpeg,https://images.bayut.com/thumbnails/756117433-800x600.jpeg,https://images.bayut.com/thumbnails/756117434-800x600.jpeg,https://images.bayut.com/thumbnails/756117435-800x600.jpeg,https://images.bayut.com/thumbnails/756117436-800x600.jpeg,https://images.bayut.com/thumbnails/756117437-800x600.jpeg,https://images.bayut.com/thumbnails/756117438-800x600.jpeg,https://images.bayut.com/thumbnails/754890775-120x90.jpeg,https://images.bayut.com/thumbnails/754890775-120x90.jpeg"
Bayut - geepas-tower-121,For Rent,Apartment,16 January 2025,Unfurnished,"{'currency': 'AED', 'amount': '100,000'}","Geepas Tower, Arjan, Dubai","{'bedrooms': 2, 'bathrooms': 3, 'size': '1,303 sqft'}",Asma Noreen,https://www.bayut.com/property/details-10635243.html,"Dubai Apartments,Arjan,Geepas Tower,Bayut - geepas-tower-121","Balcony or Terrace,Parking Spaces,: 1,Swimming Pool,Sauna,Parking Spaces,: 1,Centrally Air-Conditioned,Central Heating,Storage Areas,Balcony or Terrace,Lobby in Building,Service Elevators,Reception/Waiting Room,Gym or Health Club,Swimming Pool,Sauna,Steam Room,Kids Play Area,Lawn or Garden,Barbeque Area,Waste Disposal,Maintenance Staff,Cleaning Services,Business Center,Security Staff,CCTV Security,Broadband Internet,Satellite/Cable TV,Intercom,ATM Facility,24 Hours Concierge,Nearby Shopping Malls","mission is to cultivate and nurture connections grounded in authenticity and tailored support. We strive to create environments where our clients feel not only acknowledged but understood. By aligning our services with the true desires and needs of each individual, we aim to foster trust and deliver unparalleled satisfaction.  Welcome to  , a distinguished residential landmark in Arjan, Dubai. This 20-storey development features 684 meticulously designed units, including studios, 1-bedroom, and 2-bedroom apartments, each crafted to offer spacious layouts and contemporary finishes.  representing modern style apartment for rent in Geepas tower.  ->Size : 1303.19 sqft ->2 Bedroom ->3 Bathroom -> Built in WArdrobes ->Generously sized apartments with open-plan living areas.  ->High-quality materials and stylish interiors.  ->Large windows ensuring ample sunlight.  ->State-of-the-art appliances for your convenience.  ->Enjoy panoramic views of the city skyline.  ->Rooftop Infinity Pool ->Childrenâ€™s Infinity Pool ->State-of-the-Art Health Club ->Sauna and Steam Rooms ->Childrenâ€™s Play Area ->Sports Facilities ->Party Area >Mini-Jogging Area ->24/7 Security and Customer Care ->Dubai Miracle Garden ->Dubai Autodrome ->IMG Worlds of Adventure ->Nesto Hypermarket -> Easy access to Sheikh Mohammed Bin Zayed Road and Al Khail Road, facilitating seamless connectivity across Dubai.","https://images.bayut.com/thumbnails/756116407-800x600.jpeg,https://images.bayut.com/thumbnails/756116408-400x300.jpeg,https://images.bayut.com/thumbnails/756116409-400x300.jpeg,https://images.bayut.com/thumbnails/756116410-400x300.jpeg,https://images.bayut.com/thumbnails/756116407-800x600.jpeg,https://images.bayut.com/thumbnails/756116408-800x600.jpeg,https://images.bayut.com/thumbnails/756116409-800x600.jpeg,https://images.bayut.com/thumbnails/756116410-800x600.jpeg,https://images.bayut.com/thumbnails/756116411-800x600.jpeg,https://images.bayut.com/thumbnails/756116412-800x600.jpeg,https://images.bayut.com/thumbnails/756116413-800x600.jpeg,https://images.bayut.com/thumbnails/756116414-800x600.jpeg,https://images.bayut.com/thumbnails/756116427-800x600.jpeg,https://images.bayut.com/thumbnails/756116428-800x600.jpeg,https://images.bayut.com/thumbnails/756116429-800x600.jpeg,https://images.bayut.com/thumbnails/756116430-800x600.jpeg,https://images.bayut.com/thumbnails/756116431-800x600.jpeg,https://images.bayut.com/thumbnails/754890775-120x90.jpeg,https://images.bayut.com/thumbnails/754074379-400x300.jpeg,https://images.bayut.com/thumbnails/753504338-400x300.jpeg,https://images.bayut.com/thumbnails/752613926-400x300.jpeg,https://images.bayut.com/thumbnails/754890775-120x90.jpeg"
Bayut - RRE-BS-307,For Rent,Apartment,8 January 2025,,"{'currency': 'AED', 'amount': '70,000'}","Belselah Residence, Al Barsha 1, Al Barsha, Dubai","{'bedrooms': 1, 'bathrooms': 2, 'size': '848 sqft'}",Dhruv Uttamchandani,https://www.bayut.com/property/details-10572963.html,"Dubai Apartments,Al Barsha,Al Barsha 1,Belselah Residence,Bayut - RRE-BS-307","Balcony or Terrace,Swimming Pool,Storage Areas,Gym or Health Club","Rocky Real Estate is proud to introduce this brand-new semi-furnished  in Al Barsha 1, Dubai; situated beside Al Douri Signature and opposite Viva Supermarket.  âœ¦ Brand New Apartment âœ¦ Fully modern fitted equipped closed kitchen with fridge and cooking range âœ¦ An expansive living room âœ¦ A centralized gas connection âœ¦ A centralized air conditioning system âœ¦ A custom-built wardrobe âœ¦ Balcony âœ¦ Store Room Swimming pool Separate gymnasium for men and women Children's play area Reserved parking For enquiries and exclusive viewing, please call Mr. Dhruv (RERA #68657) at  /   or email us at   /   We are happy to assist you from Monday to Friday (9 am to 6 pm) and Saturday (9 am to 2 pm). Rocky Real Estate offers residential and commercial real estate services in Dubai since 1976 | Specializing in sales, leasing, investments, property investment, and management | 2017 Top 10 Real Estate Consultants in the Arab World by Forbes Middle East. View more properties at www. rockyrealestate. com.","https://images.bayut.com/thumbnails/755067177-800x600.jpeg,https://images.bayut.com/thumbnails/755067178-400x300.jpeg,https://images.bayut.com/thumbnails/755067179-400x300.jpeg,https://images.bayut.com/thumbnails/755067180-400x300.jpeg,https://images.bayut.com/thumbnails/755067177-800x600.jpeg,https://images.bayut.com/thumbnails/755067178-800x600.jpeg,https://images.bayut.com/thumbnails/755067179-800x600.jpeg,https://images.bayut.com/thumbnails/755067180-800x600.jpeg,https://images.bayut.com/thumbnails/755067181-800x600.jpeg,https://images.bayut.com/thumbnails/755067182-800x600.jpeg,https://images.bayut.com/thumbnails/755067183-800x600.jpeg,https://images.bayut.com/thumbnails/755067184-800x600.jpeg,https://images.bayut.com/thumbnails/755067185-800x600.jpeg,https://images.bayut.com/thumbnails/755067186-800x600.jpeg,https://images.bayut.com/thumbnails/755067187-800x600.jpeg,https://images.bayut.com/thumbnails/755067188-800x600.jpeg,https://images.bayut.com/thumbnails/755067189-800x600.jpeg,https://images.bayut.com/thumbnails/755067233-800x600.jpeg,https://images.bayut.com/thumbnails/755067234-800x600.jpeg,https://images.bayut.com/thumbnails/755067235-800x600.jpeg,https://images.bayut.com/thumbnails/755067236-800x600.jpeg,https://images.bayut.com/thumbnails/755067238-800x600.jpeg,https://images.bayut.com/thumbnails/755067239-800x600.jpeg,https://images.bayut.com/thumbnails/755067241-800x600.jpeg,https://images.bayut.com/thumbnails/755067243-800x600.jpeg,https://images.bayut.com/thumbnails/755067244-800x600.jpeg,https://images.bayut.com/thumbnails/755067245-800x600.jpeg,https://images.bayut.com/thumbnails/755067247-800x600.jpeg,https://images.bayut.com/thumbnails/755067249-800x600.jpeg,https://images.bayut.com/thumbnails/731365066-120x90.jpeg,https://images.bayut.com/thumbnails/731365066-120x90.jpeg"
Bayut - RRE-BS-102,For Rent,Apartment,4 January 2025,,"{'currency': 'AED', 'amount': '77,000'}","Belselah Residence, Al Barsha 1, Al Barsha, Dubai","{'bedrooms': 1, 'bathrooms': 2, 'size': '860 sqft'}",Dhruv Uttamchandani,https://www.bayut.com/property/details-9357321.html,"Dubai Apartments,Al Barsha,Al Barsha 1,Belselah Residence,Bayut - RRE-BS-102","Balcony or Terrace,Swimming Pool,Storage Areas,Gym or Health Club,Storage Areas,Balcony or Terrace,Gym or Health Club,Swimming Pool,Kids Play Area","Rocky Real Estate is delighted to offer this brand-new semi-furnished  in Al Barsha 1, Dubai; situated beside Al Douri Signature and opposite Viva Supermarket.  âœ¦ Fully modern fitted equipped open kitchen with fridge and cooking range âœ¦ An expansive living room âœ¦ A centralized gas connection âœ¦ A centralized air conditioning system âœ¦ A custom-built wardrobe Swimming pool Separate gymnasium for men and women Children's play area Reserved parking For enquiries and exclusive viewing, please call Mr. Dhruv (RERA #68657) at  /   or email us at   /   We are happy to assist you from Monday to Friday (9 am to 6 pm) and Saturday (9 am to 2 pm). Rocky Real Estate offers residential and commercial real estate services in Dubai since 1976 | Specializing in sales, leasing, investments, property investment, and management | 2017 Top 10 Real Estate Consultants in the Arab World by Forbes Middle East. View more properties at www. rockyrealestate. com.","https://images.bayut.com/thumbnails/731400885-800x600.jpeg,https://images.bayut.com/thumbnails/731400886-400x300.jpeg,https://images.bayut.com/thumbnails/731400887-400x300.jpeg,https://images.bayut.com/thumbnails/731400888-400x300.jpeg,https://images.bayut.com/thumbnails/731400885-800x600.jpeg,https://images.bayut.com/thumbnails/731400886-800x600.jpeg,https://images.bayut.com/thumbnails/731400887-800x600.jpeg,https://images.bayut.com/thumbnails/731400888-800x600.jpeg,https://images.bayut.com/thumbnails/731400889-800x600.jpeg,https://images.bayut.com/thumbnails/731400890-800x600.jpeg,https://images.bayut.com/thumbnails/731400891-800x600.jpeg,https://images.bayut.com/thumbnails/731400892-800x600.jpeg,https://images.bayut.com/thumbnails/731400893-800x600.jpeg,https://images.bayut.com/thumbnails/731400894-800x600.jpeg,https://images.bayut.com/thumbnails/731400895-800x600.jpeg,https://images.bayut.com/thumbnails/731400896-800x600.jpeg,https://images.bayut.com/thumbnails/731400897-800x600.jpeg,https://images.bayut.com/thumbnails/731400898-800x600.jpeg,https://images.bayut.com/thumbnails/731400899-800x600.jpeg,https://images.bayut.com/thumbnails/731400900-800x600.jpeg,https://images.bayut.com/thumbnails/731400901-800x600.jpeg,https://images.bayut.com/thumbnails/731400902-800x600.jpeg,https://images.bayut.com/thumbnails/731400903-800x600.jpeg,https://images.bayut.com/thumbnails/731400904-800x600.jpeg,https://images.bayut.com/thumbnails/731400905-800x600.jpeg,https://images.bayut.com/thumbnails/731400906-800x600.jpeg,https://images.bayut.com/thumbnails/731400907-800x600.jpeg,https://images.bayut.com/thumbnails/731400908-800x600.jpeg,https://images.bayut.com/thumbnails/731400909-800x600.jpeg,https://images.bayut.com/thumbnails/731400910-800x600.jpeg,https://images.bayut.com/thumbnails/731400911-800x600.jpeg,https://images.bayut.com/thumbnails/733242174-800x600.jpeg,https://images.bayut.com/thumbnails/733242175-800x600.jpeg,https://images.bayut.com/thumbnails/733242176-800x600.jpeg,https://images.bayut.com/thumbnails/733242177-800x600.jpeg,https://images.bayut.com/thumbnails/733242178-800x600.jpeg,https://images.bayut.com/thumbnails/733242179-800x600.jpeg,https://images.bayut.com/thumbnails/733242180-800x600.jpeg,https://images.bayut.com/thumbnails/733242181-800x600.jpeg,https://images.bayut.com/thumbnails/733242182-800x600.jpeg,https://images.bayut.com/thumbnails/733242183-800x600.jpeg,https://images.bayut.com/thumbnails/733242184-800x600.jpeg,https://images.bayut.com/thumbnails/733242185-800x600.jpeg,https://images.bayut.com/thumbnails/733242186-800x600.jpeg,https://images.bayut.com/thumbnails/731365066-120x90.jpeg,https://images.bayut.com/thumbnails/755784264-400x300.jpeg,https://images.bayut.com/thumbnails/755226101-400x300.jpeg,https://images.bayut.com/thumbnails/752490617-400x300.jpeg,https://images.bayut.com/thumbnails/731365066-120x90.jpeg"
Bayut - RRE-BS-309,For Rent,Apartment,22 July 2024,,"{'currency': 'AED', 'amount': '72,000'}","Belselah Residence, Al Barsha 1, Al Barsha, Dubai","{'bedrooms': 1, 'bathrooms': 2, 'size': '841 sqft'}",Dhruv Uttamchandani,https://www.bayut.com/property/details-9367662.html,"Dubai Apartments,Al Barsha,Al Barsha 1,Belselah Residence,Bayut - RRE-BS-309","Balcony or Terrace,Swimming Pool,Storage Areas,Gym or Health Club","Rocky Real Estate is proud to introduce this brand-new semi-furnished  in Al Barsha 1, Dubai; situated beside Al Douri Signature and opposite Viva Supermarket.  âœ¦ Fully modern fitted equipped closed kitchen with fridge and cooking range âœ¦ An expansive living room âœ¦ A centralized gas connection âœ¦ A centralized air conditioning system âœ¦ A custom-built wardrobe Swimming pool Separate gymnasium for men and women Children's play area Reserved parking For enquiries and exclusive viewing, please call Mr. Dhruv (RERA #68657) at  /   or email us at   /   We are happy to assist you from Monday to Friday (9 am to 6 pm) and Saturday (9 am to 2 pm). Rocky Real Estate offers residential and commercial real estate services in Dubai since 1976 | Specializing in sales, leasing, investments, property investment, and management | 2017 Top 10 Real Estate Consultants in the Arab World by Forbes Middle East. View more properties at www. rockyrealestate. com.","https://images.bayut.com/thumbnails/731577158-800x600.jpeg,https://images.bayut.com/thumbnails/731577159-400x300.jpeg,https://images.bayut.com/thumbnails/731577160-400x300.jpeg,https://images.bayut.com/thumbnails/731577161-400x300.jpeg,https://images.bayut.com/thumbnails/731577158-800x600.jpeg,https://images.bayut.com/thumbnails/731577159-800x600.jpeg,https://images.bayut.com/thumbnails/731577160-800x600.jpeg,https://images.bayut.com/thumbnails/731577161-800x600.jpeg,https://images.bayut.com/thumbnails/731577168-800x600.jpeg,https://images.bayut.com/thumbnails/731577169-800x600.jpeg,https://images.bayut.com/thumbnails/731577163-800x600.jpeg,https://images.bayut.com/thumbnails/731577162-800x600.jpeg,https://images.bayut.com/thumbnails/731577170-800x600.jpeg,https://images.bayut.com/thumbnails/731577164-800x600.jpeg,https://images.bayut.com/thumbnails/731577165-800x600.jpeg,https://images.bayut.com/thumbnails/731577166-800x600.jpeg,https://images.bayut.com/thumbnails/731577167-800x600.jpeg,https://images.bayut.com/thumbnails/731577171-800x600.jpeg,https://images.bayut.com/thumbnails/731577172-800x600.jpeg,https://images.bayut.com/thumbnails/731577173-800x600.jpeg,https://images.bayut.com/thumbnails/731577174-800x600.jpeg,https://images.bayut.com/thumbnails/731577175-800x600.jpeg,https://images.bayut.com/thumbnails/731577176-800x600.jpeg,https://images.bayut.com/thumbnails/731577177-800x600.jpeg,https://images.bayut.com/thumbnails/731577178-800x600.jpeg,https://images.bayut.com/thumbnails/731577179-800x600.jpeg,https://images.bayut.com/thumbnails/733239765-800x600.jpeg,https://images.bayut.com/thumbnails/733239766-800x600.jpeg,https://images.bayut.com/thumbnails/733239767-800x600.jpeg,https://images.bayut.com/thumbnails/733239768-800x600.jpeg,https://images.bayut.com/thumbnails/733239769-800x600.jpeg,https://images.bayut.com/thumbnails/733239770-800x600.jpeg,https://images.bayut.com/thumbnails/733239771-800x600.jpeg,https://images.bayut.com/thumbnails/733239772-800x600.jpeg,https://images.bayut.com/thumbnails/733239773-800x600.jpeg,https://images.bayut.com/thumbnails/733239774-800x600.jpeg,https://images.bayut.com/thumbnails/733239775-800x600.jpeg,https://images.bayut.com/thumbnails/733239776-800x600.jpeg,https://images.bayut.com/thumbnails/733239777-800x600.jpeg,https://images.bayut.com/thumbnails/733239778-800x600.jpeg,https://images.bayut.com/thumbnails/733239779-800x600.jpeg,https://images.bayut.com/thumbnails/731577180-800x600.jpeg,https://images.bayut.com/thumbnails/733239780-800x600.jpeg,https://images.bayut.com/thumbnails/733239781-800x600.jpeg,https://images.bayut.com/thumbnails/731365066-120x90.jpeg,https://images.bayut.com/thumbnails/731365066-120x90.jpeg"
Bayut - MKH03,For Rent,Apartment,11 September 2024,,"{'currency': 'AED', 'amount': '87,999'}","AAAF 2 Building, Al Mankhool, Bur Dubai, Dubai","{'bedrooms': 2, 'bathrooms': 2, 'size': '1,727 sqft'}",Mohit Kumar,https://www.bayut.com/property/details-9704316.html,"Dubai Apartments,Bur Dubai,Al Mankhool,AAAF 2 Building,Bayut - MKH03","Swimming Pool,Electricity Backup,Centrally Air-Conditioned,Central Heating,Electricity Backup,Centrally Air-Conditioned,Central Heating,Double Glazed Windows,First Aid Medical Center,Gym or Health Club,Swimming Pool,Waste Disposal,Maintenance Staff,Cleaning Services,Security Staff,CCTV Security,Broadband Internet,Satellite/Cable TV,Intercom,24 Hours Concierge",Welcome to Highline Real Estate Our company's first priority is to fulfill your demands. We Try Our Level Best to Provide You a Better Living Home This 2BHK appartment includes following specifications: â€¢ Spacious Living Room â€¢ Centralized AC â€¢ Closed Kitchen â€¢ 2 Bathrooms â€¢ CCTV cameras â€¢ 24 Hours Security â€¢ Free Maintenance â€¢ Gym â€¢ Swimming Pool â˜† FAMILY ORIENTED BUILDINGÂ  â˜† CCTV CAMERASÂ  â˜† 24/7 SECURITYÂ  â˜† SWIMMING POOLÂ  â˜† GYMNASIUMÂ  â˜† KID'S PLAY AREAÂ  â˜† STEEM / SAUNA â˜† RECEPTION / WAITING AREAÂ  â˜† EASY ACCESS TO SHEIKH ZAYED ROADÂ  â˜† EASY ACCESS TO DIFC â˜† EASY ACCESS TO SHARF DG METRO ğŸš‡Â  â˜† PROXIMITY DUBAI MALLÂ / MAX MALL â˜† PARKING AVAILABILITYÂ  â˜† THE BEST PLACE FOR FAMILYÂ  â˜† RESIDENTIAL AREAÂ  â˜† TRANSPORTATIONÂ  â™£ Contact Us -  Email:  Office Registration No: 27373 RERA Broker ID: 50553,"https://images.bayut.com/thumbnails/745588843-800x600.jpeg,https://images.bayut.com/thumbnails/745588844-400x300.jpeg,https://images.bayut.com/thumbnails/745588845-400x300.jpeg,https://images.bayut.com/thumbnails/745588846-400x300.jpeg,https://images.bayut.com/thumbnails/745588843-800x600.jpeg,https://images.bayut.com/thumbnails/745588844-800x600.jpeg,https://images.bayut.com/thumbnails/745588845-800x600.jpeg,https://images.bayut.com/thumbnails/745588846-800x600.jpeg,https://images.bayut.com/thumbnails/745588848-800x600.jpeg,https://images.bayut.com/thumbnails/745588850-800x600.jpeg,https://images.bayut.com/thumbnails/745588852-800x600.jpeg,https://images.bayut.com/thumbnails/745588855-800x600.jpeg,https://images.bayut.com/thumbnails/745588857-800x600.jpeg,https://images.bayut.com/thumbnails/745588859-800x600.jpeg,https://images.bayut.com/thumbnails/745588861-800x600.jpeg,https://images.bayut.com/thumbnails/745588863-800x600.jpeg,https://images.bayut.com/thumbnails/745588865-800x600.jpeg,https://images.bayut.com/thumbnails/745588867-800x600.jpeg,https://images.bayut.com/thumbnails/361376160-120x90.jpeg,https://images.bayut.com/thumbnails/361376160-240x180.jpeg"
Bayut - TT01,For Rent,Apartment,15 January 2025,,"{'currency': 'AED', 'amount': '77,999'}","Titanium Tower, Al Karama, Dubai","{'bedrooms': 1, 'bathrooms': 2, 'size': '777 sqft'}",Mohit Kumar,https://www.bayut.com/property/details-10625403.html,"Dubai Apartments,Al Karama,Titanium Tower,Bayut - TT01","Balcony or Terrace,Swimming Pool,Electricity Backup,Centrally Air-Conditioned,Electricity Backup,Centrally Air-Conditioned,Central Heating,Double Glazed Windows,Storage Areas,Balcony or Terrace,Lobby in Building,First Aid Medical Center,Swimming Pool,Kids Play Area,Lawn or Garden,Waste Disposal,Maintenance Staff,Cleaning Services,Security Staff,CCTV Security,Laundry Room,Broadband Internet,Satellite/Cable TV,Intercom,24 Hours Concierge",Welcome to Highline Real Estate Our company's first priority is to fulfill your demands. We Try Our Level Best to Provide You a Better Living Home â¥ Unit Features - 1 Bedroom - 2 Bathroom - un-Furnished - Fully Fitted Kitchen - Built in Wardrobe - Balcony - Covered Parking - Central AC - Double Glazed Windows - Brand New Building - Ready to Move In â¥ Building Features - Gym or Health Club - Swimming Pool - Reception/Waiting Room - 24/7 Security & CCTV Cameras - Electricity Backup - Maintenance Staff - Mosque - Public park - Family Building â™£ Contact Us -  Email:  Office Registration No: 27373 RERA Broker ID: 50553,"https://images.bayut.com/thumbnails/755955838-800x600.jpeg,https://images.bayut.com/thumbnails/755955839-400x300.jpeg,https://images.bayut.com/thumbnails/755955840-400x300.jpeg,https://images.bayut.com/thumbnails/755955841-400x300.jpeg,https://images.bayut.com/thumbnails/755955838-800x600.jpeg,https://images.bayut.com/thumbnails/755955839-800x600.jpeg,https://images.bayut.com/thumbnails/755955840-800x600.jpeg,https://images.bayut.com/thumbnails/755955841-800x600.jpeg,https://images.bayut.com/thumbnails/755955842-800x600.jpeg,https://images.bayut.com/thumbnails/755955843-800x600.jpeg,https://images.bayut.com/thumbnails/755955844-800x600.jpeg,https://images.bayut.com/thumbnails/755955845-800x600.jpeg,https://images.bayut.com/thumbnails/755955846-800x600.jpeg,https://images.bayut.com/thumbnails/755955847-800x600.jpeg,https://images.bayut.com/thumbnails/755955848-800x600.jpeg,https://images.bayut.com/thumbnails/755955849-800x600.jpeg,https://images.bayut.com/thumbnails/755955850-800x600.jpeg,https://images.bayut.com/thumbnails/755955851-800x600.jpeg,https://images.bayut.com/thumbnails/755955852-800x600.jpeg,https://images.bayut.com/thumbnails/755955853-800x600.jpeg,https://images.bayut.com/thumbnails/755955854-800x600.jpeg,https://images.bayut.com/thumbnails/755955855-800x600.jpeg,https://img.youtube.com/vi/hztRLXHEATs/sddefault.jpg,https://images.bayut.com/thumbnails/361376160-120x90.jpeg,https://images.bayut.com/thumbnails/361376160-240x180.jpeg"
Bayut - 105235-2ePx7d,For Rent,Apartment,14 December 2024,,"{'currency': 'AED', 'amount': '72,000'}","DAMAC Ghalia, JVC District 18, Jumeirah Village Circle (JVC), Dubai","{'bedrooms': 1, 'bathrooms': 2, 'size': '755 sqft'}",Saad Sabir,https://www.bayut.com/property/details-10390636.html,"Dubai Apartments,Jumeirah Village Circle (JVC),JVC District 18,DAMAC Ghalia,Bayut - 105235-2ePx7d","Balcony or Terrace,Parking Spaces,: 1,Swimming Pool,Centrally Air-Conditioned,Parking Spaces,: 1,Centrally Air-Conditioned,Balcony or Terrace,Gym or Health Club,Swimming Pool,Kids Play Area,Lawn or Garden,Pets Allowed","House & Hedges Real Estate is pleased to offer this 1 Bedroom Apartment in Ghalia, Jumeirah Village Circle (JVC), Dubai.  Ghalia is a prestigious development by Damac Properties that offers a collection of ready-furnished studios, and 1, 2 & 3-bedroom apartments located at JVC, Dubai. This is the first Sharia-compliant luxury hotel apartment in Dubai and is being managed by Damac Hotels & Resorts, which brings an entirely new definition of serviced luxury.  PROPERTY DETAILS: - 1 Bedroom - 2 Bathroom - Area 755.41sqft - Furnished - Fully Fitted Kitchen - Built-in Wardrobe - Balcony - Covered Parking - Shared Pool - Shared Gym PRICE DETAILS:Â  AED 72,000/- House and Hedges Real Estate, where your dream home journey begins. Our dedicated team is committed to turning your real estate aspirations into reality. Experience personalized service, unmatched expertise, and a seamless path to finding the perfect place to call home. Â  For more details or to schedule a viewing, please contact our dedicated team member Mr. Anees We're eager to assist you on your journey to finding your dream home. Thank you for choosing House & Hedges Real Estate.","https://images.bayut.com/thumbnails/752488278-800x600.jpeg,https://images.bayut.com/thumbnails/752488274-400x300.jpeg,https://images.bayut.com/thumbnails/752488275-400x300.jpeg,https://images.bayut.com/thumbnails/752488276-400x300.jpeg,https://images.bayut.com/thumbnails/752488278-800x600.jpeg,https://images.bayut.com/thumbnails/752488274-800x600.jpeg,https://images.bayut.com/thumbnails/752488275-800x600.jpeg,https://images.bayut.com/thumbnails/752488276-800x600.jpeg,https://images.bayut.com/thumbnails/752488277-800x600.jpeg,https://images.bayut.com/thumbnails/752488279-800x600.jpeg,https://images.bayut.com/thumbnails/752488280-800x600.jpeg,https://images.bayut.com/thumbnails/752488281-800x600.jpeg,https://images.bayut.com/thumbnails/752488282-800x600.jpeg,https://images.bayut.com/thumbnails/752488283-800x600.jpeg,https://images.bayut.com/thumbnails/752488284-800x600.jpeg,https://images.bayut.com/thumbnails/748180088-120x90.jpeg,https://images.bayut.com/thumbnails/152915780-600x450.jpeg,https://images.bayut.com/thumbnails/744163786-400x300.jpeg,https://images.bayut.com/thumbnails/747712049-400x300.jpeg,https://images.bayut.com/thumbnails/754530353-400x300.jpeg,https://images.bayut.com/thumbnails/748180088-240x180.jpeg"
Bayut - 102164-nlFPT0,For Rent,Apartment,13 November 2024,,"{'currency': 'AED', 'amount': '63,000'}","The Manhattan, JVC District 10, Jumeirah Village Circle (JVC), Dubai","{'bedrooms': 1, 'bathrooms': 2, 'size': '774 sqft'}",Atif Khan,https://www.bayut.com/property/details-10165095.html,"Dubai Apartments,Jumeirah Village Circle (JVC),JVC District 10,The Manhattan,Bayut - 102164-nlFPT0",,"House & Hedges Real Estate is pleased to offer this 1 Bedroom Apartment in The Manhattan, Jumeirah Village Circle. Â Â  The Manhattan is a 17-storey residential building in JVC District 10, Jumeirah Village Circle, Dubai.  The project was developed by Al Fara'a Properties. The Manhattan comprises a mix of one- , two- and three-bedroom apartments. Facilities include a swimming pool, gymnasium, car parking and 24-hour security.  PROPERTY DETAILS: - 1 Bedroom - 2 Bathrooms - Area 773.82sqft - Unfurnished - Balcony - Covered Parking - Shared Pool - Shared Gym SELLING PRICE:Â  AED 63,000/- House and Hedges Real Estate, where your dream home journey begins. Our dedicated team is committed to turning your real estate aspirations into reality. Experience personalized service, unmatched expertise, and a seamless path to finding the perfect place to call home. Â  For more details or to schedule a viewing, please contact our dedicated team member Mr. AtifÂ  We are eager to assist you on your journey to finding your dream home. Thank you for choosing House & Hedges Real Estate.","https://images.bayut.com/thumbnails/747613903-800x600.jpeg,https://images.bayut.com/thumbnails/747613904-400x300.jpeg,https://images.bayut.com/thumbnails/747613905-400x300.jpeg,https://images.bayut.com/thumbnails/747613906-400x300.jpeg,https://images.bayut.com/thumbnails/747613903-800x600.jpeg,https://images.bayut.com/thumbnails/747613904-800x600.jpeg,https://images.bayut.com/thumbnails/747613905-800x600.jpeg,https://images.bayut.com/thumbnails/747613906-800x600.jpeg,https://images.bayut.com/thumbnails/747613907-800x600.jpeg,https://images.bayut.com/thumbnails/747613908-800x600.jpeg,https://images.bayut.com/thumbnails/747613923-800x600.jpeg,https://images.bayut.com/thumbnails/747613924-800x600.jpeg,https://images.bayut.com/thumbnails/747613925-800x600.jpeg,https://images.bayut.com/thumbnails/747613926-800x600.jpeg,https://images.bayut.com/thumbnails/747613927-800x600.jpeg,https://images.bayut.com/thumbnails/747613928-800x600.jpeg,https://images.bayut.com/thumbnails/747613929-800x600.jpeg,https://images.bayut.com/thumbnails/747613930-800x600.jpeg,https://images.bayut.com/thumbnails/745187191-120x90.jpeg,https://images.bayut.com/thumbnails/745187191-240x180.jpeg"
Bayut - VI9663L,For Rent,Villa,13 January 2025,Unfurnished,"{'currency': 'AED', 'amount': '350,000'}","The Springs 2, The Springs, Dubai","{'bedrooms': 3, 'bathrooms': 3, 'size': None}",Desire Zaman,https://www.bayut.com/property/details-10613171.html,"Dubai Villas,The Springs,The Springs 2,Bayut - VI9663L","Balcony or Terrace,Barbeque Area,Pets Allowed","Charming Villa with Private Pool | Family-Friendly Living BlackBrick is proud to present exclusively this captivating 3-bedroom villa, backing the community park in the prestigious Springs 2. Enjoy the luxury of a private garden and pool, perfect for entertaining or relaxing. This residence is designed for both comfort and style.  Key Highlights: - 3 spacious bedrooms and 3 bathrooms - Study - Fully extended and renovated  - Private Pool - Backing Community Park and Pool - Built-in wardrobes and a walk-in closet for ample storage - Modern kitchen equipped with built-in appliances This villaâ€™s thoughtfully crafted layout blends modern aesthetics with functional design, promoting a serene lifestyle that appeals to families and investors alike. With direct access from the villa to the communityâ€™s exceptional amenities, including swimming pool, basketball and tennis court and children's playground. The villa is also located within a 7 minute walk to the Meadows Souk and the stunning Emirates Living lakes. Also within walking distance to the Meadows Village this home truly redefines contemporary living.  The Springs community boasts a vibrant atmosphere with parks, shopping, and leisure options at your fingertips.  Donâ€™t miss out on making this exclusive villa your new home. Contact BlackBrick Property LLC today to arrange a viewing and discover all that this exceptional property has to offer!","https://images.bayut.com/thumbnails/755747485-800x600.jpeg,https://images.bayut.com/thumbnails/755747487-400x300.jpeg,https://images.bayut.com/thumbnails/755747694-400x300.jpeg,https://images.bayut.com/thumbnails/755747695-400x300.jpeg,https://images.bayut.com/thumbnails/755747485-800x600.jpeg,https://images.bayut.com/thumbnails/755747487-800x600.jpeg,https://images.bayut.com/thumbnails/755747694-800x600.jpeg,https://images.bayut.com/thumbnails/755747695-800x600.jpeg,https://images.bayut.com/thumbnails/755747696-800x600.jpeg,https://images.bayut.com/thumbnails/755747697-800x600.jpeg,https://images.bayut.com/thumbnails/755747698-800x600.jpeg,https://images.bayut.com/thumbnails/755747699-800x600.jpeg,https://images.bayut.com/thumbnails/755747700-800x600.jpeg,https://images.bayut.com/thumbnails/755747701-800x600.jpeg,https://images.bayut.com/thumbnails/755747702-800x600.jpeg,https://images.bayut.com/thumbnails/755747703-800x600.jpeg,https://images.bayut.com/thumbnails/755747704-800x600.jpeg,https://images.bayut.com/thumbnails/755747705-800x600.jpeg,https://images.bayut.com/thumbnails/755747706-800x600.jpeg,https://images.bayut.com/thumbnails/755747707-800x600.jpeg,https://images.bayut.com/thumbnails/740713646-120x90.jpeg,https://images.bayut.com/thumbnails/751225091-400x300.jpeg,https://images.bayut.com/thumbnails/753571278-400x300.jpeg,https://images.bayut.com/thumbnails/756372656-400x300.jpeg,https://images.bayut.com/thumbnails/740713646-120x90.jpeg"
Bayut - 102164-1HZikl,For Rent,Apartment,30 October 2024,,"{'currency': 'AED', 'amount': '75,000'}","SH Living 1, JVC District 14, Jumeirah Village Circle (JVC), Dubai","{'bedrooms': 1, 'bathrooms': 1, 'size': '739 sqft'}",Abdul Muqtadir Malik,https://www.bayut.com/property/details-10055896.html,"Dubai Apartments,Jumeirah Village Circle (JVC),JVC District 14,SH Living 1,Bayut - 102164-1HZikl",,"House & Hedges Real Estate is pleased to offer this 1 Bedroom Apartment in SH Living, Jumeirah Village Circle, Dubai. Â  SH Living in Jumeirah Village Circle provides a high-quality living spaces with an emphasis on modern amenities and sustainable features. It typically features modern design principles to create functional and aesthetically pleasing spaces. Jumeirah Village Circle represents a blend of modern comfort and sustainability, set within a well-planned and vibrant community. Â Â  Property Details:- - 1 Bedroom Apartment - 1 Bathroom - Area 738.95sqft - Unfurnished - Built-in Wardrobe - Covered Parking - Shared Gym - Shared Pool Price Details:- 75,000/- AED Cheques: 4 House and Hedges Real Estate, where your dream home journey begins. Our dedicated team is committed to turning your real estate aspirations into reality. Experience personalized service, unmatched expertise, and a seamless path to finding the perfect place to call home. Â Â  For more details or to schedule a viewing, please contact our dedicated team member Mr. Muqtadir.  We're eager to assist you on your journey to finding your dream home. Thank you for choosing House & Hedges Real Estate.","https://images.bayut.com/thumbnails/745834589-800x600.jpeg,https://images.bayut.com/thumbnails/745834578-400x300.jpeg,https://images.bayut.com/thumbnails/745834579-400x300.jpeg,https://images.bayut.com/thumbnails/745834580-400x300.jpeg,https://images.bayut.com/thumbnails/745834589-800x600.jpeg,https://images.bayut.com/thumbnails/745834578-800x600.jpeg,https://images.bayut.com/thumbnails/745834579-800x600.jpeg,https://images.bayut.com/thumbnails/745834580-800x600.jpeg,https://images.bayut.com/thumbnails/745834581-800x600.jpeg,https://images.bayut.com/thumbnails/745834582-800x600.jpeg,https://images.bayut.com/thumbnails/745834583-800x600.jpeg,https://images.bayut.com/thumbnails/745834584-800x600.jpeg,https://images.bayut.com/thumbnails/745834588-800x600.jpeg,https://images.bayut.com/thumbnails/745834592-800x600.jpeg,https://images.bayut.com/thumbnails/480984662-120x90.jpeg,https://images.bayut.com/thumbnails/480984662-240x180.jpeg"
Bayut - VI9647L,For Rent,Villa,13 January 2025,Unfurnished,"{'currency': 'AED', 'amount': '320,000'}","The Springs 2, The Springs, Dubai","{'bedrooms': 3, 'bathrooms': 3, 'size': None}",Desire Zaman,https://www.bayut.com/property/details-10604838.html,"Dubai Villas,The Springs,The Springs 2,Bayut - VI9647L","Balcony or Terrace,Barbeque Area,Pets Allowed","BlackBrick Property is proud to present this stunning 3 bed fully renovated villa located in the most sought after Springs 2.  - Type 3M  - 3 Bedrooms  - Study  - BUA: Approximately 2,500 sqft - Plot: Approximately 2,745 sqft - Lake and Marina skyline views - Fully Upgraded and Extended  - Kitchen Appliances - New A/C units This villa situated in a perfect location with a walking distance to both Meadows souk and Meadows village, is also close by to the community pool and park as well as tennis court and basketball court. The villa is perfect for families and friends to gather making the most of the open plan living area created in the downstairs floor.  The upstairs compromises of 3 very bright bedrooms, one master with an en suite and stunning views to the lake and marina skyline, and the other two bedrooms and an extra bathroom.  BlackBrick. sells and rents exclusive homes in the most sought-after Lifestyle Destinations in Dubai. Our philosophy is simple, we are individuals speaking to real people, we understand the importance of considered, and personal approaches to communication. We encourage open dialogue, and honest collaboration. From this, we build a deep sense of partnership and trust with our customers.","https://images.bayut.com/thumbnails/755655909-800x600.jpeg,https://images.bayut.com/thumbnails/755655918-400x300.jpeg,https://images.bayut.com/thumbnails/755655921-400x300.jpeg,https://images.bayut.com/thumbnails/755655923-400x300.jpeg,https://images.bayut.com/thumbnails/755655909-800x600.jpeg,https://images.bayut.com/thumbnails/755655918-800x600.jpeg,https://images.bayut.com/thumbnails/755655921-800x600.jpeg,https://images.bayut.com/thumbnails/755655923-800x600.jpeg,https://images.bayut.com/thumbnails/755655928-800x600.jpeg,https://images.bayut.com/thumbnails/755655931-800x600.jpeg,https://images.bayut.com/thumbnails/755655915-800x600.jpeg,https://images.bayut.com/thumbnails/755655919-800x600.jpeg,https://images.bayut.com/thumbnails/755660918-800x600.jpeg,https://images.bayut.com/thumbnails/755660919-800x600.jpeg,https://images.bayut.com/thumbnails/755660920-800x600.jpeg,https://images.bayut.com/thumbnails/755660921-800x600.jpeg,https://images.bayut.com/thumbnails/755660922-800x600.jpeg,https://images.bayut.com/thumbnails/740713646-120x90.jpeg,https://images.bayut.com/thumbnails/90670159-600x450.jpeg,https://images.bayut.com/thumbnails/90670243-600x450.jpeg,https://images.bayut.com/thumbnails/753534754-400x300.jpeg,https://images.bayut.com/thumbnails/749296980-400x300.jpeg,https://images.bayut.com/thumbnails/756372656-400x300.jpeg,https://images.bayut.com/thumbnails/740713646-120x90.jpeg"
